252,捷運西湖站
126,福美站
245,法藏寺
178,行義路一
280,建民里
343,國泰新村
319,桃源國中
366,捷運奇岩站
364,捷運石牌站(東華)
574,士林區行政中心(基河)
729,東吳大學(錢穆故居)
764,故宮博物院
786,乾坑子
880,溪山派出所
782,紗帽橋
827,富洲里九段
1000,內湖國中
934,賴厝
947,職能發展學院
1198,五常街口
1352,華山公園(市民)
1399,懷生國宅
1435,防癆協會
1565,基隆路口
1581,復盛京華(往西)
1568,基隆路口一
1699,捷運南港站
1940,成功中學(林森)
2258,延平中學
2084,吳興街站
2200,復興南路(埤頭里)
2363,貓空纜車站
2325,頂好市場
2321,捷運國父紀念館站(光復)
2446,捷運萬芳社區站
2742,台電大樓
2417,政大三街
2533,憲光公寓
3911,捷運龍山寺站
4041,市民東寧路口
4113,新北投
4184,捷運大橋頭站
4722,豐台煤礦
4724,福聖宮(山水綠生態公園)
4680,指南宮(後山站)
4720,護國九天宮
5974,富安國小
6694,華山公園(市民大道一)
6735,師大分部
6991,興安華城
6933,南昌家具街
6946,強恕中學
7208,惇敘工商(行義)
7262,捷運芝山站(福國)
14606,大埔(明玄宮)
20371,頂坪
20298,臥龍富陽街口
50080,頂湖山
50050,世界山莊
50046,華山公園(市民大道一)
50518,菁山一
50426,新湖行忠路口
50637,台北美國/日僑學校
50688,行政院
60111,陽明書屋(正門)
1000022,臺視
60151,居安新村
1000093,萬美社區
1000232,憲光公寓
1001091,竹子湖路4-1號
1001089,民生東路口
1000620,陽明教養院
1000769,捷運萬芳醫院站
1000867,建民里一
1000770,臺灣警察專科學校
1001269,菁山二
1001348,幽雅路35號
1001121,懷生國小
424,港墘
1107,湖興
4,幼華高中(大業)
18,上北投
0,中國電視公司
6,幼華高中(大業)
598,大崙尾山
50060,大埔一
623,內寮
152,石崁
1001332,北投分局
747,芝山岩
1253,行天宮
2405,木柵公園
4101,新生公園
59003,全安里
22,承德公館路口
1001319,無尾崙
1001792,吳厝
7253,華齡街
7214,行義路
380,永春橋
367,捷運奇岩站
375,捷運明德站(東華)
412,振興醫院
785,紗帽橋
1006,公館山
1685,南港輪胎
2535,興隆山莊
8405,基湖站
37,大業路(農禪寺)
35,關渡
906,福德祠
2480,象頭埔
8403,基湖路口
56089,三角公園
1001351,名山里
1011787,玉成里(東新街)
1776,保德里
1000520,崁頂
234,幽雅路7號
1156,麗寶大樓
154,石牌國小
1001794,熱海大飯店
1000175,圓山新城一
1000163,長安東路二段
603,下過溪
4111,南港軟體園區(一期大門)
4991,天母公園
7212,新北投
3907,泉州街
8633,達人高中(臺灣戲曲學院)
1001786,玉成里(東新街)
41,大業路(大興街口)
1007,仁寶大樓
7606,景福宮
8664,湖興
9443,力行新城
50106,園區街
200005000,捷運東門站1
60,中正高中
1001315,嶺頭
200005050,公訓處
1260,忠烈祠
2503,萬隆
20353,虎林街口
56114,象頭埔
1000439,木柵
134,臺視
90,文化國小
75,幸安國小
73,鳳甲美術館
78,六窟
149,民權隧道
142,永安街
153,石牌
155,承德公館路口
14615,磺溪
16215,老師里
208,士林國中
209,敦化和平路口
224,承德路七段
210,和信醫院
240,明德路
1025,康湖隧道口(白馬山莊)
1651,南港行政中心
1678,南港軟體園區南站
2029,捷運台北101/世貿站(市府)
2121,信義松仁路口(松仁)
6928,捷運台北101/世貿站(信義)
6929,信義松仁路口(信義)
50016,東明里
50018,南港輪胎
50019,南港高工(南港路)
986,五分社區
1697,捷運昆陽站
1719,陸軍後勤指揮部
2038,五分埔商圈(中坡北)
2055,市立工農
3927,捷運永春站(忠孝)
1680,南港軟體園區北站
50446,南寮(忠三街口)
1000203,康樂街
1000253,南港高工(南港路)
1000254,土地公廟
1000271,台肥新村
1000272,南港行政中心
1000314,南港高中
1579,富泰里
1017,民權大橋
997,捷運港墘站(內湖高工)
1041,西湖圖書館(湖光教會)
1077,時報廣場
1109,捷運文德站(碧湖公園)
1212,植福宮
1503,新益里
1504,新益里
1507,民生國中
1672,南港花園社區二
2096,松山商職(福德)
2097,松山商職(福德)
2167,福德國小
4175,臺北漁市
4182,自強隧道
6734,福德國小
6937,奉天宮
8670,文湖國小
10401,合江街口
2093,松山車站(松山)
10419,臺北大學(臺北校區)
50515,恕德家商
1000026,民生國中
1000117,捷運劍南路站
1000221,南松山(塔悠)
15115,永吉國小
15116,捷運永春站(松山)
1001,內湖基湖路口
1013,瑞光港墘路口
1371,敬業三路一
1997,捷運善導寺站
2058,永春公寓
1000895,瑞光港墘路口
20270,信義松德路口
1000213,新湖一路口
1607,工程營產中心
3884,金德橋頭
4854,市民大道八段
1000227,敬業四路
2170,廣安宮
1118,黃石公廟
20299,十八份
1000685,竹子湖路7號
2067,市政府(松壽)
2080,吳興街口
2159,喬治商職
2251,和平安和路口
2304,國立臺北教育大學
3928,市立工農
3942,龍門國中(和平)
3999,康寧社區
8520,成功路三段
8531,東湖國小
8629,康寧醫院
15120,世貿中心(基隆路)
50433,石潭公園(成功)
50434,石潭公園(成功)
2056,永吉國小
8537,湖光市場
2060,捷運永春站(松山)
2272,阿波羅大廈
2348,聯合報
2361,觀光局
3930,觀光局
4091,永春國小
1000657,臺北車站(忠孝)
789,啟智學校
3951,天母棒球場(忠誠)
1195,中央電台
1405,大龍街口
9436,忠烈祠
609,川瀨
659,外雙溪(至善)
673,平等里
2,十八份福德宮
20424,風架口
1001473,彌陀寺(硫磺谷)
1000351,北投站
962,礦寮
1001356,吉林國小
1001122,忠泰美術館
4034,葫蘆國小
776,格致國中
1001380,龍江路口
14603,頂北投
1001185,興隆市場後站
1892,臺北車站(開封)
9447,故宮博物院
5973,建安新村
1945,南昌路
1807,安泰公園
2785,胡適國小
2174,黎順里
20296,樂業街
143,石壁坑福德宮
20271,大油坑
2400,石壁坑
571,士林分局
1001472,紅柿下
14608,陽明山(紗帽)
2421,指南山莊
1001155,大南路口
1000726,南深路80號
874,新安路四
56097,貓空站(小天空步道)
1001308,舊莊二站
600,工業區
1001259,麗山橋
188,行義路四
60146,新安路三
1851,三元南海路口
726,東方寺
1535,八德中坡路口
4747,臺北郵局(撫臺街洋樓)
7247,明德路
1914,成功中學(林森)
55013,東方寺
20399,市立工農(正門)
3995,慈航寺
2194,大我新舍
1715,興華路
4815,下菁礐
1500,市民光復路口
1398,懷生國小
20356,中崙
1297,明勝里
5067,義方國小
5979,福安消防隊
1000751,興隆路口(辛亥)
1001325,內雙溪自然中心
9469,半嶺
1273,林森北路一
1000859,指南宮
1586,微風廣場
1001441,菁山里(三)
684,石油新村
6016,臥龍新村
14402,川瀨
50407,週美里一
1000257,新民路底
865,新安
2313,捷運古亭站(杭州)
233,東昇路口
1702,富德公墓
6693,光華商場
1001090,錦州街口
1848,二二八和平公園
161,日月農莊
4877,仙岩公園
569,士林
3986,濱江商圈
4032,克勤新村
212,奇岩一站
20227,北投文物館
1842,臺北護理健康大學
8608,環山路
1000913,萬金路口
14510,政大圖書館
1032,行忠行愛路口
55005,三重里
5055,南港抽水站
4839,觀景台
1264,明水路一
14629,榮光新村(榮總東院)
9441,通北街口
1000018,內湖派出所
841,菁山里(三)
3990,復興中學
1783,桂林路
14672,臺灣戲曲中心
2466,景福街
1890,臺北車站(青島)
20354,時報大樓
2171,黎安里
942,臨江園
5059,大同街口
1000964,士林監理站
936,擎天崗
2074,玄覺寺
4818,老人自費安養中心
9479,平等國小
1000096,華江派出所
394,清天宮
1290,長安國小(吉林)
7225,洲美里
9463,前半嶺
1774,長沙街
1000862,行仁里
16266,中山區公所
2487,溪口國小
1001045,衛生福利部
1817,萬華醫院
1001443,精技大樓
82,陽明書屋
7210,新北投
20240,振興街
944,聯勤陽明山招待所
1760,和德里
688,光興宮
1884,臺北車站(公園)
1000567,天壽里
213,奇岩新村
4710,德行忠誠路口
9485,沙崙
20369,捷運奇岩站(北投)
4879,麥田紫藤
14410,陳厝
1001479,萬福國小
1001453,菁山里(一)
911,台北海大
1001350,洲美里
1001387,政大二街
14674,天山里
704,妙法寺
6686,衡陽路口
873,新安路六
6022,龍門國中(建國)
14619,福德廟(石牌)
1000391,關渡路口
9474,大坪尾
1102,堤頂大道口
592,小油坑服務站
1753,西門市場(漢中)
1918,自來水博物館(太子學舍)
2003,景福門
55009,岩山里一
1268,明水路三
50094,舊莊公園
2012,平菁街93巷
20300,十八份
4622,果菜市場
1011,瑞陽三號公園
1001085,錦州街口
1963,重慶南路一段
14675,東和公園
833,童軍站
461,源之鄉
1000812,下塔悠
1916,自來水西分處(寧波)
712,岩山里一
20404,紫陽
328,荒山劇場
996,新湖行善路口
1296,長春國小
2031,土地銀行
50093,舊莊站
20333,下七股(花藝村溫泉會館)
227,立法院
4163,黎安里
775,倫仔尾
1000803,飛航服務總台
14694,研創中心
327,草湳
163,地熱谷
2398,指南國小
5999,南京西路口(鈕釦街)
1001386,望遠亭(老泉里)
4811,石潭成功路口
1736,市民光復路口
395,清江里
9495,大坪尾一
20346,興雅國中
456,新北投
1000790,合誠宮
1001461,陽明公園後門
626,公館里
1903,臺北商大(濟南)
1139,精技大樓
50422,安泰里
2175,黎雙公園
868,新安里西站
2439,救千宮
2105,松壽路口
1688,軍人公墓(正門)
1001339,景華街一
285,春天酒店
7215,行義路
4814,潭美國小(行善)
1451,迪化街
828,富洲里八段
1001295,新民國中
359,捷運北投站(育仁)
1034,行善宮
4974,安湖站
60148,新安路一
2416,政大學苑
4899,捷運南港軟體園區站
4045,承德橋站
4821,行善石潭路口
14423,格致大亨路口
1361,新生公園
6717,建國中學(歷史博物館)
50440,蘆洲里
14418,山仔后
8611,內湖派出所一
20295,樂業街
1000414,頂半嶺
869,新安路一
4727,臨時站四
1821,漢口街
16251,大稻埕碼頭
1824,聚福宮
1878,臺北市立大學
291,洲美運動公園
702,冷水坑
14624,榮總
4073,美麗華(樂群)
2020,衡陽路
4780,鷺鷥草原
663,永公路二
2420,政大御花園
1001044,衛生福利部
57706,景興國中
5034,社子市場二
50534,大崙尾山
20384,福興路口
4761,金泰公園
5993,天師宮
57703,茶推廣中心
50028,舊莊
20414,靈糧山莊
13110,捷運士林站
2104,松隆路口
1001340,景華街
1000390,知行路口
2164,慈恩園
5017,風尾
5019,大坑廟
5002,富德里
50512,安泰街129巷
286,立賢路口
1700,捷運南港軟體園區站
4686,林安泰古厝
879,楓林橋
1000566,圓覺寺
960,鵝尾山步道口
1001298,大湖國小
6932,松友新村
357,中央南大興街口
2288,建國南路
1001330,公民會館(北投社大)
20313,小油坑
1001398,草湳
536,磺溪
1962,重慶南路一段
7220,林泉里
2715,北藝大藝文生態館
414,復興中學
2364,小坑口
4785,嘉興里
1436,延平一站(長安)
9455,帕米爾公園
4860,陽明山立體停車場(草山行館)
121,北投國中
742,社正路
9458,楓林橋
1000667,松山商職(松山)
1001460,陽明公園後門一
1000802,自來水博物館(太子學舍)
818,通河街(承德)
6687,博物館(襄陽)
1289,長安國小(長安)
3964,製片廠
50107,三重里
6403,萬華車站
4647,士林站
228,橫嶺古道
20402,南京西路口(塔城)
14415,永公路二
1000902,余氏古厝
4729,山豬窟
1980,羅斯福寧波街口
1001335,臨時站
6401,萬華車站
783,浮線
2379,文山二分局
1000216,南松山(塔悠)
748,芝山國小
1001118,市民延吉街口
4840,安泰橋
1001463,政大威秀
20243,民和街口
627,內雙溪橋
667,永平街口
693,磺仔外
242,明德路267巷
453,慈后宮
1192,中山區公所
5994,延平國小
387,捷運唭哩岸站二(東華)
1208,臺北漁市
1001103,興隆市場後站
9477,平菁街93巷二
6728,政大二街
1797,莒光派出所
1754,西門國小
4863,主教公署
1001394,建國中學
1001468,圳內
2026,聯合醫院婦幼院區
1621,九如里二
1001336,敦南203巷
1000290,芝山抽水站
1001462,湖山路二段
2543,貓空站(小天空步道)
1000310,新生南路一段
815,第二展望
744,雙溪淨水場
20241,舊宗路一段(行善)
547,關渡宮
14488,氣象台
60108,氣象台
4616,漢口街
5972,下溪沙尾
1001793,吳厝
9456,風櫃嘴
1930,忠孝國小
4609,青年公宅
883,菁山遊憩區一
16260,農安街吉林路口
1001120,微風廣場
1181,大直橋
3935,忠孝國小
56092,天恩宮
4639,西藏路口
1000909,學園路口
1706,富德公墓28區
1001328,北投公園(中山)
1418,民生西路口(大稻埕碼頭)
1000734,康樂街
2399,田寮橋
1001323,湖田區民活動中心
50064,陽明山靈骨塔
5049,溫歌華社區
1000341,酒泉街
100014568,黎明社教中心
2432,樟樹步道南口
905,福德宮
899,福音
1321,建國農安街口
14669,天母公園
1210,臺北漁市
3945,龍山國小
583,士林區農會
36,大業中央北路口
4992,合庫訓練中心
4858,富德公墓28區
14234,消防局(松仁)
1445,南京西路口(鈕釦街)
309,風動石
50110,茶葉製造示範場
851,陽明山泉
602,大經橋
1001469,內埔
1001471,彌陀寺(硫磺谷)
459,敬老院
50436,晉強公司
662,永公路一
5040,士林國小
50646,天北站
1592,臺北市區監理所
7230,清江國小
1000850,華齡街
5015,十八份埔
57704,景美國小(景文)
4832,芳和國中
757,威靈廟
50451,碧山路口
14509,環山網球場
2428,和平東路四段
8605,塔悠疏散門
1000619,岩山里
8665,敬業四路
2490,萬芳社區
4997,災害應變中心
355,捷運公館站
1000021,三軍總醫院松山分院
1001435,三王宮
767,故宮博物院
2471,普羅旺世
14424,中山樓
1000468,東湖站
198,宏國新村
500,綜合市場
1001488,萬隆社區
4826,雅祥公園
200005014,捷運唭哩岸站2
1720,舊莊
1001074,景美國小(景文)
50067,北藝大校門口
566,倫仔尾一
487,漾館時尚旅館
810,平菁街93巷一
4036,富光里
4648,坑口運動公園
714,帕米爾公園
1856,三軍總醫院
1291,長安新生北路口
1000774,慈音山莊
14419,淨水廠
334,健行新村(東華)
14604,頂北投
2101,松友新村
20419,金龍禪寺
1000926,山豬湖
1150,麗山高中(港墘)
20231,新湖舊宗路口
4866,關渡國中(關渡醫院)
819,通河街(承德)
6027,捷運小南門站
9466,合誠宮
340,國軍北投醫院
1271,松江新村
9410,雙溪站
4615,桂林路
1958,牯嶺街
1705,富德公墓20區
9465,福德祠
1000835,新湖民善街口(一)
4731,福音山莊
4188,捷運南港站
9487,明德樂園
1000442,六褔公園
4050,中和街
1001262,蘭州國中
4836,中正山登山口
50073,修德國小
14690,山上運動場
4167,八號水門
792,教師中心
4177,上塔悠
4651,南港機廠
1487,蘭州國中
1001247,樟樹步道北口
4987,天和里
1000870,成福宮
1001116,市民東寧路口
2541,興福國中
5992,鄰江里
6651,信義市場
866,新安里
4723,山豬窟
429,華江站
4894,大埔一
20418,堤頂大道口
427,無尾崙
816,陽明山國家公園管理處
50523,天寶聖道宮
1000413,紗帽陽明路口
9424,楓林橋
1001088,濟南金山路口
20415,福德宮
2386,木柵高工
30040,嶺頭
705,我家花園
9486,沙崙
4995,職能發展學院一
106,臺北城市科技大學(正門)
60149,水墘
510,熱海大飯店
1001234,人壽一村
1518,成福路口一
115,北投文物館
6672,金華大廈
36115,小油坑
1001260,照明寺
20368,泉源國小
1000052,承德路口
4865,通化街
20232,新湖舊宗路口
2001,博物館(館前)
1000814,飛航服務總台
102,臺北地院
1000160,後港里
6948,泉州街口
4817,老人自費安養中心
243,明德路267巷
4652,水鋼琴社區
1016,正聖堂
1317,建北站
2472,棲霞山莊
1000680,萬芳社區
825,菁山遊憩區
2319,新安路七
8541,貿商三村
20724,楊聖廟
4810,石潭成功路口
5056,南港抽水站
2528,樟山寺一
926,德行忠誠路口
2081,吳興街派出所
1738,大理服飾
14620,永欣里
9464,半嶺
4986,天母圖書館
173,自強街口(東華)
1501,市民延吉街口
7244,福安宮
1928,延平鄭州路口
57710,文山二分局
1001371,捷運石牌站(西安)
20259,劍潭山登山口
553,關渡碼頭
1000678,新光站(指南)
9494,簡厝
1649,南港公園一
15118,松山商職(松山)
5053,東陽公園
9426,礁坑橋(普宜苑)
1000452,文山運動中心(萬芳)
1108,紫陽
14507,立農國小一
1956,泉州街口
3947,國業里
674,平等國小
4174,第二果菜市場
550,關渡國中(關渡醫院)
7612,臺北大學(臺北校區)
59004,德行芝玉路口
50437,安康路
50675,國關中心
1001124,市民林森路口
50519,土地公廟
156,石牌路
750,全成土雞城
6671,金華國中
2111,信安街
1199,長春一江街口
1001393,思源路口
1116,陽光街
14414,綠園
4808,潭美國小(行善)
50663,聯合醫院陽明院區
4799,吳興國小(松仁)
658,半嶺一
20336,馬槽
1768,東園公園
1799,華中河濱公園
1001484,萬福國小
14417,陽明山國小
4614,萬華分局
1798,莒光派出所
1001438,圳仔頭
9427,礁坑
9425,溪山國小
849,格致大亨路口
1001312,泉源別墅
1001242,奇頭
1001352,明勝里
435,臺寶
200005073,大龍市場
1001123,懷生國宅
670,社子國小二
200005003,捷運東門站4
1001104,陽明大學男(女)
1001212,山上運動場
2025,龍興宮
2195,公企中心
1001349,景勤2號公園
4064,捷運劍南路站(植福)
878,新薈芳
1829,德昌街口
4626,大理服飾
1036,行愛路
9460,妙法寺
6725,公園
907,綠園
1009,天程企業
261,長壽抽水站
14688,政大圖書館
4144,富德
1635,東明里
4855,富德公墓12區
1000269,基隆路口
895,福安國中
1739,大理高中
1849,三元街
56088,小坑口
1000791,鄭厝
1001327,德行西路
1648,南港公園
1001446,三元南海路口
870,新安路二
251,陽明公園服務中心
587,士東路
1001409,政大一
1001342,興旺公園
4893,蘭雅國小
4871,利陽藝術學苑
2561,向陽公園
4841,安泰橋
1000758,財政大樓
18010,圓山
1000349,石牌
1733,人壽一村
1001266,田尾湖
563,下竹林
1001400,政大一
1909,臺北商大(杭州)
389,捷運國父紀念館站(忠孝)
50685,聯合醫院婦幼院區一
557,山仔后
901,碧溪橋
1000904,大佳河濱公園
339,國防醫學中心
1001361,天山里
625,公館地
20293,寶藏巖
1000607,天母里
2406,考試院
4000,玉成國小
450,集應廟
20251,吳興國小(莊敬)
56,中央南路
4009,黃石公廟
1052,馬槽
1001369,中行里
1000807,財政園區
1044,東湖社區
57713,猴山坑
1741,內江街
5051,芬第社區
1000410,大磺嘴
2028,101國際購物中心
1689,香檳新村
4998,災害應變中心
1000222,潭美國小(舊宗)
2429,風動石
935,錫安堂
60143,燒庚寮
2494,萬芳國小
50042,臺北車站(鄭州)
97,天寶聖道宮
50653,忠誠路口
2169,廣安宮
558,山仔后派出所
50655,天母國小
1266,明水路一
401,北藝大圖書館
13116,敦化和平路口
4083,捷運文德站(碧湖公園)
1000615,華興中學
15107,自來水處(辛亥)
55012,公館里
4996,三總內湖站(急診部)
239,明德國中
8532,康寧派出所
50052,萬芳派出所
5050,溫歌華社區
1000622,白雲山莊
1001256,大春山莊
1000115,陽明高中
1740,中正新城
914,士林市場(銘傳會館)
1000211,五分埤
4028,司法新村
644,天母新村
5048,潭美公園
1000252,南港軟體園區南站
9408,中央站
296,泉源國小宿舍
2266,空軍總部
3966,中央北路三段
1488,八德敦化路口
1280,長安松江路口
1569,基隆路口二
8523,內湖高中
15114,永春國小
167,竹子湖
4190,磺仔外
1759,西藏路口
958,雙溪國小
1267,明水路二
1000773,榮星花園
1800,華中河濱公園
1000270,土地公廟
1000723,捷運西湖站
3926,永春里(忠孝)
50430,新明路
1180,大直國小
2458,景明街口
2497,萬芳路口
1000524,忠順街
2360,羅斯福浦城街口
6657,臺北大學(臺北校區)
10207,劍潭國小
1000930,河濱公園大佳段
13112,信義敦化路口
1001142,南京舊宗路口
8624,涼州重慶路口
36111,名門社區
56099,復興派出所
1049,明湖國小(公共電視台)
3912,捷運龍山寺站
1486,雙連市場
896,福林國小
1000666,中影八德大樓
1000205,內湖焚化廠(葫蘆洲公園)
1242,民權建國路口
1806,貴陽街
6729,聯勤技術訓練中心
863,圓山皇宮大廈
8601,時報廣場
2153,捷運永春站(忠孝)
4086,聯合醫院忠孝院區
200005013,捷運唭哩岸站1
1850,三元街口
2423,貓纜指南宮站
1000288,德行東路
2445,捷運景美站
1040,西湖園
390,捷運復興崗站
1624,玉成國小
1244,民權敦化路口
3929,聯合報
4740,七海文化園區
6950,龍口市場
1511,民權公園
1492,三民路
1868,仁愛紹興街口
2299,國北教大實小
1000316,捷運後山埤站(永吉)
1761,桂林昆明街口
15105,東興路
1000683,後車站
1000707,關渡宮
1004,內湖運動公園
1000618,士林官邸(中正)
2492,萬芳派出所
2161,景新里
2404,木柵公園
20268,湖山村
1675,南港花園社區四
1000045,公館
1544,長庚醫院
1255,自強隧道(大直教會)
16016,延平一站(南京)
6989,五常街口
1039,西湖國中
1170,大同大學
1751,老松國小
2253,和平高中
890,葫蘆堵市場
2310,捷運公館站
9416,社區發展協會
2254,和平高中
562,土地公廟
1000548,捷運景美站
4830,富台公園
2131,信義通化街口
3972,一德街口
20377,百齡國小
975,台北企業總部園區
50635,天母廣場
1277,欣欣大眾公司
561,三玉宮
1121,新明路
1179,大直高中
2431,海巡署
1173,大佳國小
1752,西門市場(成都)
4843,夢幻湖停車場
754,前半嶺
350,48號公園
20400,三元街
2240,地震研究中心
2286,信義敦化路口
20365,陽明瀑布
6722,市政府(松智)
4006,美仁里
938,礁坑
10414,華泰飯店
1001250,龍門國中(和平)
1000231,捷運科技大樓站
8674,民權東路六段(民權敦品)
444,陽明山
50679,政大御花園
1779,崁頂
20405,青年公園(正門)
1370,新喜里
56098,世新大學
1457,酒泉街
635,天母
1489,三民健康路口(西松高中)
1001458,水雲澗
1479,延三觀光夜市
3869,下竹圍
50500,將軍嶺
1000973,中山女高
707,沙崙
1001411,名門社區
1000067,中華路北站
8618,內湖國中
7255,士林高商
1133,達人高中(臺灣戲曲學院)
8615,康寧AIT社區
8625,涼州重慶路口
2538,興隆國小
15109,青峰活動中心
2127,信義建國路口
2512,萬壽橋頭(新光)
6685,衡陽路口
1000224,新湖三路口(台北花市)
1000237,芝麻大廈
835,菁山二
6697,南京新生北路口
5,幼華高中(北投)
2024,龍口市場
1000095,大理高中
2089,忠孝大道路口
50431,台北企業總部園區
761,後港里
6702,捷運松江南京站
2063,市政府(市府)
1000294,吳興街口
9450,外雙溪(至善)
6992,復興南路(中崙里)
1066,臺大癌醫
6026,捷運古亭站(和平)
1000251,南港軟體園區北站
9453,芝山公園
1562,健康新城
157,立農國小
1001294,國軍北投醫院
6654,進安公園
2463,景美國小(景興)
1837,環南市場
20363,中興中學
50535,中央站
9457,楓林橋
1001191,教師中心
2119,捷運信義安和站(信義)
50640,葫東重慶路口
1153,麗山街
20423,捷運昆陽站
50643,百齡里
4725,天公堂
4828,永吉松信路口
1134,衛勤訓練中心
4643,中正新城
16206,中華路北站
16261,大同大學
1804,華江高中(西園)
2333,新民國小
1723,舊莊
6021,復興南路口
9493,雙溪別墅
5981,永倫里(延平)
1433,污水處理廠
1000035,興隆國小
1463,捷運雙連站
2072,市議會
4859,福德坑環保復育公園
885,聖人橋
1647,南港分局(向陽)
2155,捷運後山埤站(永吉)
3277,48號公園
1505,酒泉重慶路口
1000698,捷運西湖站
1873,財政大樓
2232,臺灣科技大學
728,東吳大學(錢穆故居)
50124,捷運南港站
15113,松山車站(松山)
1615,修德國小
20239,後山
16018,圓環(重慶)
6947,廈門街口
50668,泉源3號橋
20297,臥龍富陽街口
5991,社子消防分隊
1272,林森北路一
1000126,捷運大直站
2523,滬江中學
1840,雙園街口
8677,三總內湖站
2126,信義杭州路口
14638,關渡
1001287,文德二號公園
5975,富洲里八段
1000521,萬壽橋頭(木柵)
7607,中山國小
6732,成福路口
14617,福德廟(行義)
774,風櫃嘴
660,外雙溪(故宮)
1938,河堤國小
735,明德樂園
9492,劍南橋
7614,華山公園
2143,國稅局宿舍
50004,捷運南京復興站
4133,兒童新樂園
492,福安宮
9423,溪山派出所
9402,大直美堤花園一
3924,國華新村
8534,明湖國中
7003,中港抽水站
2150,捷運市政府站
1000396,捷運忠孝新生站
16001,松山農會
50647,三玉宮
8545,麗山新村
2219,公館
4081,民權建國路口
9440,通北街口
1408,天師宮
7249,宏國新村
2210,仁愛國中
2499,萬芳路口
1065,臺大癌醫
16201,朝陽公園(鈕釦街)
50160,南京公寓(捷運南京三民)
6680,信義國中(松仁)
4831,中油大樓
6707,捷運行天宮站
1333,大直美堤花園三
200005044,松山車站2
1079,國立臺灣戲曲學院
50667,捷運芝山站(福國)
6024,溫州街口
14614,明山宮
1000632,莊敬里
1982,捷運中正紀念堂站(羅斯福)
629,文化大學
8604,中華航空
50002,南京龍江路口
1915,成功中學(濟南)
1000169,明倫高中
7218,行義路一
1026,石潭公園
624,中影文化城
16013,南京林森路口
9417,翠山街
9452,惠濟宮
50639,士林簡易庭
2270,青年活動中心
7257,重陽橋
2522,實踐國中
1458,馬偕醫院
9406,濱江國中
2542,興德國小
2329,信義敦化路口
2230,台電大樓
2211,安和敦化路口
468,聖人瀑布
575,士林區行政中心(中正)
6700,吉林國小
2112,信義大安路口
2339,金山泰安街口
50442,明湖國小(公共電視台)
1346,中原街口(老人住宅)
1453,庫倫街口
56107,木柵
1000064,中山市場
1427,民權大龍街口
2323,第二殯儀館
1542,東興路一
1000806,捷運松江南京站
1551,南京新村
10202,建成公園
1611,中研新村
165,成淵高中
9451,名山里
570,台北美國/日僑學校
2521,木南公園
1000436,貓纜動物園站
7217,行義路二
2044,101國際購物中心
1029,成功路三段
8517,紫雲里
1575,捷運中山國中站
20403,仁愛林森路口
1000079,捷運西門站
2351,懷生國中
2362,力行國小
1000037,興隆市場
20265,榮星花園(民權)
1000446,辛亥國小
1978,捷運中正紀念堂站(勞保局)
3906,和平西路一段
6678,捷運東門站(金山)
941,聯合醫院陽明院區
2353,捷運台電大樓站
50654,石油新村
200005072,遠東國際飯店
739,社子派出所
8410,麗山街
1089,捷運葫洲站(康寧專校)
803,捷運劍潭站(中山)
1000170,捷運劍潭站(北藝中心)
113,北投公園
358,捷運北投站(北投)
1000399,寧波重慶路口
10415,中原街口(老人住宅)
1000389,大愛電視臺
1233,民族東路口
1000329,民權復興路口
6945,河堤國小
2384,木柵市場
2122,信義松仁路口(松仁)
8626,捷運大橋頭站
50051,公務人員訓練處
2102,松平路口
2262,忠孝敦化路口
2408,辛亥國小
4636,西藏路
318,振興醫院
683,永嶺
2034,大道路
1000554,力行國小
1000348,中正高中
1000057,捷運大安森林公園站
3915,頂好市場
2344,龍安國小(公務人力發展學院)
1001375,南港高工(重陽)
699,百齡里
94,文林國小
1762,昆明街口
4663,萬芳6號公園
1588,新東街口
6670,信義新生路口
1438,延平國小
1367,新生公園(建國)
56100,考試院
50003,西松國小
2085,富陽街口
1000547,滬江中學
378,捷運後山埤站(玉成)
4004,臺北市區監理所
3965,捷運復興崗站
591,士林簡易庭
2018,螢橋國小
60124,市民住宅
1322,美麗華
968,大湖
9446,雙溪公園
1441,昌吉重慶路口
1000082,臺北車站(忠孝)
50522,冷水坑服務站
2204,仁愛建國路口一
1000225,行忠路口
2139,消防局(松仁)
1891,臺北車站(重慶)
15108,臺大資訊大樓
3993,國泰新村(木新)
10001486,振興公園
1347,中山老人住宅
3891,舊莊國小
20341,木新區民活動中心
4824,紗帽馬場
1000858,興德國小
1634,松山磚廠
4825,雅祥公園
50680,政大附中
50047,萬寧山莊
57711,自來水事業處
50085,忠義新村
2464,景美國中
4627,華江高中(西園)
4005,光復路口
1000186,民權龍江路口
50057,北投國小
50014,松山磚廠
1861,仁愛中山路口
2269,金山潮州街口
4645,世貿中心(莊敬)
1218,台電台北北區營業處
16259,成淵高中
2309,捷運公館站
10402,華泰飯店
2377,中興公寓
8671,三民國小
6656,長春國小
2514,萬寧山莊
388,捷運國父紀念館站(忠孝)
963,蘭雅國中
2043,平菁街93巷
1000502,敬業三路二
1012,方濟中學
1650,南港水廠
2430,師大分部
3932,頂好市場
448,雅敘園
1000050,捷運古亭站(羅斯福)
4629,西園路二段
10408,介壽國中
491,碧山巖(白石湖)
50736,龍山國中
1159,警智新村
50628,士林區行政中心(基河)
8675,民權隧道二
7233,奇岩一站
749,芝蘭新村
1001475,濟南金山路口
1000386,啟聰學校
548,關渡國小(臺北城市科技大學)
1534,松山農會
1434,老師里
1671,南港花園社區一
615,中社路11巷
20305,捷運象山站
3958,實踐街口
601,下溪沙尾
1191,中山里
953,雙溪別墅
1088,康寧派出所
6660,中山國小(新生)
1001465,港墘派出所
700,百齡國小
1541,東興路一
4098,捷運中山國小站
50677,綠野山莊
1659,捷運南港展覽館站(南港路)
50022,圓拱橋
1000266,劍潭
1069,金龍寺
2539,興隆路口(忠順)
2187,大安國宅
745,芝山公園
1001252,木柵高工
50691,小南門
50631,士東國小
1496,中華航空
3953,士林官邸(中正)
405,頂湖
4037,下埤里
1125,新湖三路口(台北花市)
295,泉源國小
3883,金德橋頭
4628,西園29服飾基地
2267,臥龍街
1000235,捷運萬隆站
1093,明湖國中
2427,軍功新村
2032,三張犁
382,捷運唭哩岸站二(西安)
1388,稻江護校
4087,春光公園
882,溪山國小
834,菁山一
1000111,大南路口
1000066,民族重慶路口
1000107,捷運信義安和站(信義)
10420,西華飯店
59002,立人國際國中小學
16024,捷運松江南京站
50041,捷運西門站
2118,信義光復路口
6684,光華商場
1000691,博物館(襄陽)
8614,內湖新城
1001364,南港花園社區二
6724,信義國中(松仁)
56103,中興公寓
4110,捷運南港展覽館站(經貿二)
1771,青年公園(青年)
1000161,福港街
2133,信義新生路口
1919,行政院
10210,捷運士林站(中正)
64,中和街
7603,成功中學(濟南)
50044,捷運北門站
1298,長春敦化路口
7256,國立科教館
843,華興中學
1000897,瑞光路
50533,大崙尾山步道口
2154,捷運後山埤站(玉成)
3905,南福板溪(南昌公園)
6695,華山公園(市民)
2070,松壽路口
2199,臺大綜合體育館
433,華僑會館
1196,中崙
1407,花博公園
1001114,捷運南港展覽館站(南港路)
1194,中影八德大樓
651,格致國中
50652,天母棒球場(士東)
1690,凌雲五村
1000180,忠孝大道路口
2375,中國科技大學(興隆)
14422,文化大學
3890,齊福華廈
2245,基隆長興街口
2259,捷運忠孝敦化站
2140,國父紀念館
200000007,交通資訊中心
1780,峨眉街口(中醫院區)
1000077,捷運北門站
1000056,捷運大安森林公園站
1944,南昌家具街
593,大南路口
3921,捷運景美站
2000,博物館(襄陽)
1000847,正守公園
4158,民權東路口
2066,市政府(松高)
1417,民生西路口
1766,果菜市場
56106,文山一分局
16029,南京寧安街口
1292,長安龍江路口
1203,中興中學
2459,敦南大地
581,士林區行政中心(中正)
5977,臨江園
396,清江國小
2076,名門社區
50024,凌雲五村
1000223,新湖一路口
719,忠誠公園
1357,圓山大飯店
2279,信義市場
50630,銘傳大學
6017,麟光站
1202,幸安國小
279,奎山國中
6710,自來水事業處
1000287,國盛國宅
50629,劍潭
3914,溫州街口
1000065,臺北車站(青島)
4042,市民光復路口
2087,協和祐德高中
200005049,捷運市政府站
374,捷運明德站(西安)
1000347,捷運芝山站一
646,天玉里
1781,家禽市場
2208,仁愛國小
725,東山路
8613,港墘路
3934,正義郵局
1106,港墘路
50131,永春國小
1138,福華商場
1825,西園29服飾基地
3908,龍口市場
1925,和平西路一段
1000499,西湖圖書館(湖光教會)
1590,榮民服務處
1000167,民族重慶路口
1603,饒河街觀光夜市(塔悠)
50644,前港公園
1612,中國電視公司
5061,復興一路口
13107,臺北小巨蛋
709,岩山里
1737,大埔街
1000753,信義敦化路口
4741,捷運公館站
1000398,捷運民權西路站
708,沙崙下
1000218,新東里
8663,上灣仔
2036,興雅國小
855,陽明山國家公園管理處
2330,開平餐飲學校
632,天文科學館
1376,新興國中
2160,富陽街口
13102,信義敦化路口
1557,南松山(南京)
1907,南福板溪(南昌公園)
13111,仁愛敦化路口
8622,捷運大橋頭站
1132,瑞光路
385,捷運唭哩岸站一(東華)
1787,國興社區
2117,信義光復路口
1197,五常國小
13106,民生敦化路口
6942,仁愛林森路口
734,明德新村
15103,玉成里
2088,奉天宮
50658,蘭雅新城
778,泰北中學
4121,臺北市立美術館
9481,衛理女中(原住民文化主題公園)
3962,文化國小
1068,金龍隧道口
2367,久康街口
116,北投市場(磺港)
1788,國興路口
1000138,仁愛大安路口(仁愛醫院)
1111,貿商三村
1279,芝麻大廈
1594,廣合新村
4088,小南門(和平院區)
1214,臺安醫院
4623,光仁國小
50669,萬壽橋頭(新光)
948,職能發展學院一
2226,臺大癌醫(基隆路)
14683,麥帥一橋
1943,金華新生路口
4611,一女中(貴陽)
1976,捷運小南門站
1144,德明財經科技大學(環山)
1580,富錦街口
1112,週美里一
8667,內湖行政大樓
1000041,萬利街口
4147,饒河街觀光夜市(塔悠)
1773,青年路
7002,實踐國中
6682,仁愛新生路口
864,新光醫院
1000078,中華路北站
6923,仁愛光復路口
3991,國泰新村
1001383,政大三街
2192,大安森林公園
3977,永明派出所
2046,世貿中心(基隆路)
50020,誠正國中
3998,捷運大湖公園站
2094,松山高中(松隆)
797,捷運士林站(中正)
503,製片廠
10413,馬偕醫院
50026,中研院
8612,內湖運動中心
753,名山里
60095,國父紀念館
10421,公教住宅
3994,國泰新村(木新)
1000158,台泥大樓(馬偕醫院)
1000848,長安林森路口
1411,臺北車站(承德)
808,淨水廠
1547,捷運南京復興站
798,捷運芝山站(福華)
13104,市民大道口
616,中社路17巷
16022,南京林森路口
1548,南京敦化路口(小巨蛋)
887,葫東重慶路口
1888,臺北車站(忠孝)
1177,大直抽水站
2182,麟光站
606,大豐
801,捷運芝山站一
16030,南京三民路口
20302,環東大道口
1000313,中研新村
756,前港公園
1124,新湖舊宗路口
1231,正守公園
2442,捷運動物園站
2241,成功國宅
253,青年公園(國興)
270,金龍路口
1000761,臺北車站(忠孝)
6709,芳蘭路
50683,久康街口
1001112,雙園街口
2308,捷運六張犁站(基隆路)
1000927,安和路口
1640,東新國小
1348,復興北村
1000808,財政園區
101,臺北市立美術館
13105,臺北小巨蛋
4170,仁愛國中
1742,中國時報
559,山仔后派出所
56079,木柵國小
1926,聯合醫院和平院區
1000393,捷運民權西路站
900,福港街
4607,聯合醫院和平院區
6995,捷運大安站(復興)
1000112,民權吉林路口
50048,萬芳國宅
50015,中華賓士
1987,捷運中正紀念堂站(羅斯福)
2396,司法新村
686,白雲山莊
2115,信義永康街口
2376,中港抽水站
3948,外雙溪(故宮)
1001459,圳內
1847,一女中(公園)
752,雨農國小
2059,永春里(忠孝)
20398,南港公園一
6922,國父紀念館
1000155,台泥大樓(馬偕醫院)
8603,麗寶大樓
1081,臺北市網球中心
50432,新明成功路口
2186,大安國中
1000049,羅斯福金門街口
1632,聯合醫院忠孝院區(同德)
1000899,東新國小
5070,普羅旺世
1001390,師大分部
4786,中山老人住宅
800,捷運芝山站(戲曲中心)
1530,松山車站(八德)
1865,仁愛杭州路口
1000156,國賓飯店
4657,港墘派出所
4802,南京西寧路口
1000238,捷運南京復興站
2391,木新市場
1000032,萬芳活動中心
1000600,玉成公園(成福)
1000178,後車站
10403,三民國小
1000523,興隆路口(忠順)
1000445,捷運辛亥站
1000259,東山路
2078,吳興國小(松仁)
737,社子公園
1000114,圓山皇宮大廈
1698,南港分局(重陽)
4753,雨農國小
36108,永平街口
5041,永倫里(社中)
20304,捷運象山站
610,中山北路口
695,至善國中
50059,稻香市場
1792,康定路口
20364,長安龍江路口
3959,承德公館路口
8607,麗山高中(環山)
200005040,松山車站(八德)
20266,康寧護專
1701,捷運後山埤站(忠孝)
1137,碧湖國小
1516,光復路口
50636,克強游泳池
6990,民生東路口
2536,興隆市場
1484,聯合醫院中興院區(塔城)
954,雙溪社區
1561,民生敦化路口
1790,國興路口一
16012,南京吉林路口
589,士林電機(中山德行路口)
913,銘傳大學
1000854,新光路口
5032,客家文化主題公園(師大路)
8527,捷運港墘站(內湖高工)
3997,捷運大湖公園站
1001200,民族重慶路口
1602,饒河街觀光夜市(八德)
3782,文山運動中心(興隆)
1000289,芝山抽水站
4833,綜合市場
758,建民里一
5983,社子國小
2457,景明街口
1658,捷運南港展覽館站(經貿二)
56109,捷運木柵站
2527,樟山寺
1517,合江街口
8621,公館山
3956,石牌國小
1235,民權中山路口
1265,明水路一
1755,西門國小(臺大醫院北護分院)
483,榮總
1869,仁愛復興路口(福華飯店)
1815,萬華國中
13101,成功國宅
50001,南京敦化路口(小巨蛋)
416,復興崗
2395,北政國中
1270,長春松江路口
1525,八德東寧路口
4602,國興路口
1684,南港路三段
1764,昆明街口
1942,金華新生路口
1000855,指南路
4642,青年社區
1867,仁愛建國路口一
20229,中社路一段61巷
2280,捷運東門站(金山)
20258,捷運南京復興站
20238,後山一
2176,黎雙公園
1000074,民生社區活動中心
15111,松山高中(松隆)
434,立功立德路口
2086,春光公園
4084,麗山國中
1696,國華新村
1000209,捷運東湖站(南湖高中)
3920,捷運昆陽站
2214,仁愛新生路口
2218,聯合醫院仁愛院區
2095,松山高中(基隆路)
506,鳳甲美術館
16015,圓環(南京)
1000975,龍山寺(康定)
1000712,中山市場
1406,花博公園
2289,師大
1000513,中正二分局
1169,大同大學
1323,建國錦州街口
1000108,臺北郵局
20291,環東大道口
2402,永建國小
50421,內湖運動公園
1008,文湖國小
1075,恕德家商
1646,南港分局(向陽)
2197,臺大綜合體育館
2345,龍門國中(和平)
9448,中影文化城
1001316,大同之家
2235,立人國際國中小學
8653,大直美堤花園三
3950,天母棒球場(忠誠)
60138,松山新城
7240,大業路(捷運北投站)
3969,中央北路
1711,誠正國中
59006,忠義街
5984,福安國中
1000907,大同街口
9473,大坪尾
2292,師大綜合大樓
1560,美仁里
999,內湖國小
2378,文山一分局
2473,棕櫚泉社區
1000443,馬明潭
1158,警智新村
1977,捷運中正紀念堂站(中山)
20262,永安街
830,普濟堂
2128,信義建國路口
9404,明水路口
1000760,溝子口(幸福華興)
50681,木南公園
1975,小南門
4684,故宮博物院(正館)
4003,新聚里
103,政大附中
1724,舊莊一站
1147,環山路
486,漢口中華路口
6621,金山潮州街口
2501,萬美社區
50438,安康路
292,泉都溫泉飯店
5014,東昇路口
1000766,榮星花園
1743,中華南海路口
2410,忠順街口
53,中央北路三段
1000388,捷運芝山站(戲曲中心)
6661,新興國中(新生)
50633,士林電機(中山德行路口)
793,教師中心
9419,翠山派出所
2052,臺北醫學大學附設醫院
1000434,西門國小(臺大醫院北護分院)
2222,文昌街口
2461,景美女中
15102,松山車站
1583,發電所(西松高中)
568,大坪尾一
1356,圓山大飯店
50062,大業中央北路口
1895,臺北車站(鄭州)
1485,聯合醫院中興院區(西寧)
1593,臺北市區監理所(光復)
36107,社子公園
1001449,福星公園
3987,下埤里
1515,玉成里
50664,芝山國小
1000762,水源路口
4661,大度立德路口
16020,圓環(南京)
482,榮光新村(榮總東院)
5987,社子市場
1756,西園路二段
1094,康寧醫院
9491,大經橋
50503,衛勤訓練中心
50525,頂湖
1000444,興隆山莊
1866,仁愛林森路口
200005041,松山車站(八德)
4641,青年公園(青年)
645,天母廣場
597,士商路
4031,市政府(松智)
16005,南京三民路口
7234,崇仁路口
5071,兆如安養中心
1193,中山國小
16019,圓環(重慶)
1616,九如里一
6943,仁愛林森路口
55004,榮總一
2271,大安運動中心
1315,南京新生北路口
1455,酒泉重慶路口
2394,世新大學
2190,大安森林公園
787,啟智學校
8634,內湖國小
2415,政大
1037,行愛路77巷口
1687,胡適公園
1239,民權松江路口
1540,東興路
933,興農橋
50005,南京建國路口
10404,三民路
773,重陽橋
1570,捷運行天宮站
3916,捷運市政府站
3954,福林國小
8521,治磐新村
1991,捷運公館站
1900,臺北科技大學(忠孝)
1424,民族承德路口
8412,清白里
7203,景勤2號公園
2142,國稅局宿舍
1482,靜修女中
2412,武功國小(羅斯福)
2467,景興國中
2341,潮州街口
1454,酒泉重慶路口
2281,師大附中
2249,辛亥路口
807,梅林新村
3996,方濟中學
8538,捷運內湖站
120,北投國小
399,第一銀行
546,關渡站
1001334,臨時站
746,德行芝玉路口
1000130,仁愛新生路口
1674,南港花園社區五
1495,公教住宅
2510,萬壽橋頭(秀明)
1000044,羅斯福金門街口
1946,中正紀念堂
1545,南京公寓(捷運南京三民)
2162,景新里
1614,中華賓士
1519,成福路口一
4612,一女中(貴陽)
2082,松仁路
7241,中央南路
1000325,重慶南路三段(中正橋)
6730,松平路口
1105,港墘
50156,世貿新城
910,翠山街
1000255,中山女高
6925,仁愛國泰醫院
2185,大安國中
200005004,捷運東門站5
8542,碧山岩
1001413,木柵高工
1793,捷運西門站
1835,龍山國中
3705,喬治商職
2248,自來水處(辛亥)
39,大業路(捷運北投站)
4892,蘭雅國小
56101,溝子口
6025,師大
2216,仁愛臨沂街口
2196,公企中心
1019,民權東路六段(民權敦品)
1811,萬大路
1001432,忠靈堂
176,安泰街
2132,信義通化街口
18077,大度立德路口
1000737,金龍里
14668,天母圓環
1001257,廣化天宮
14618,福德廟(行義)
738,社子市場
1375,新福里
6921,國父紀念館
2158,清水祖師廟
200005043,松山車站1
50650,忠孝新村
2296,師大路
1251,吉林路底
6677,金山泰安街口
60137,臺北市區監理所(光復)
50017,台肥新村
777,泰北中學
6681,仁愛新生路口
1998,捷運善導寺站
1000451,捷運辛亥站一
1000757,溝子口(幸福華興)
1784,祖師廟(貴陽)
796,捷運士林站(中山)
1281,長安松江路口
391,捷運關渡站
8631,麗山高中(港墘)
1571,民生松江路口
2224,臺大
741,社子國小
1758,西藏路
2231,台電大樓
1985,捷運中正紀念堂站(愛國)
4603,中華南海路口
50672,捷運動物園站
8627,南港分局(重陽)
200005039,松山車站(八德)
40,大業路(農禪寺)
1748,古亭國中
56110,博嘉國小
1223,市民復興路口
6926,仁愛延吉街口
1673,南港花園社區三
2359,羅斯福浦城街口
1863,仁愛安和路口
2449,捷運萬芳醫院站
2426,指南路口
4805,芳和國中
56104,再興中學
1000928,秀山里
2138,消防局(忠孝)
2256,和平新生路口
1524,八德東寧路口
1000931,大佳國小
1522,長壽公園
1935,仁愛杭州路口
3941,捷運龍山寺站
2007,廈門街口
9437,空軍司令部
4758,三軍總醫院(辛亥)
107,臺北城市科技大學(後門)
1000206,南松山(南京)
576,士林官邸(中山)
1536,松山機場
2495,萬芳國宅
1135,碧山岩
16250,吉林路底
2287,捷運信義安和站(安和)
8652,大直美堤花園一
966,三民國中
244,武功國小(羅斯福)
3922,工程營產中心
2413,武功國小(興隆)
4085,中華科技大學(正門)
14634,關渡自然公園
638,天母國小
2297,捷運台電大樓站
2172,黎忠市場
2368,大誠高中
2451,海巡署一
1355,華泰飯店
1001286,太陽廟
20267,湖山村
1937,青島林森路口
15104,松山車站(八德)
2146,捷運六張犁站(和平)
6997,開平餐飲學校
1236,民權中山路口
2002,博愛路
1767,東隆宮
1001320,第一停車場(花鐘)
1000046,臺灣科技大學
20252,民生西路口(大稻埕碼頭)
2113,信義大安路口
1882,臺北車站(忠孝)
1947,中正紀念堂
2051,臺北醫學大學
959,雙溪淨水場
1000857,文山運動中心(萬芳)
2520,萬興圖書館
985,上灣仔
50092,舊莊站
50006,三民健康路口(西松高中)
4624,青年路派出所
1422,民生重慶路口
16264,大同公司(晴光市場)
964,蘭雅新城
194,治磐新村
991,內湖行政大樓
795,捷運士林站(中正)
950,雙溪公園
199,一德街口
1000276,國盛國宅
4601,古亭國中
1000901,大同大學
717,忠義新城
13115,鳳雛公園
6927,捷運台北101/世貿站(信義)
1974,強恕中學
3967,忠義
7609,新興國中
2264,捷運忠孝新生站
5990,海光新村
2205,仁愛建國路口二
56080,華夏六村
20294,芳蘭山莊
703,克強游泳池
50435,石潭公園
586,士林國中
6993,捷運忠孝復興站
1001358,華江派出所
8524,大湖公園
12218,文和橋
4668,圓環(天水)
50632,賴厝
2244,基隆長興街口
2236,全安里
2225,臺大癌醫(基隆路)
20342,木新區民活動中心
4665,圓環(鈕釦街)
50429,週美里
2489,萬利街口
2006,開南商工
50040,捷運西門站
50021,南港水廠
1001141,南京舊宗路口
4662,石牌國中
4001,南港路三段
5988,葫蘆寺
2327,復興南路口
50504,美國在臺協會
16253,玉泉里
7235,桃源國中
1354,華泰飯店
1000275,士林國中
1000944,空軍總部
1095,康寧護專
2403,再興中學
60134,民權敦化路口
2443,貓纜動物園站
50638,天母新村
4820,東南客運停車場
6655,中山女高
998,內湖高中
5016,風尾
8535,捷運葫洲站(康寧專校)
4097,捷運中山國小站
1442,明倫高中
888,葫蘆寺
8673,國防醫學大學
57707,景美國中
2141,國民住宅
1000105,金湖路口
1001282,康寧天闊站
1666,南港展覽館
50676,政大清境社區
1000453,忠順廟
2440,捷運木柵站
9420,雙溪國小
6698,吉林國小
6669,信義新生路口
10410,中山里(民生)
768,指福宮
1803,華江高中(西藏)
5986,社園里
1750,光仁國小
6920,捷運信義安和站(安和)
3971,和信醫院
1923,客家文化主題公園
50660,忠義新城
1000080,小南門
6666,第二果菜市場
4633,環南市場
1000264,台電台北北區營業處
1693,國家文官學院
1401,大同國小
1001346,松山寺
1293,長春市場
200005071,福華飯店
3896,污水處理廠
1059,康寧AIT社區
1000326,民權復興路口
16204,庫倫街
1074,星雲街
2381,文山行政中心
7001,木新路口
2268,芳蘭路
943,聯勤陽明山招待所
1294,長春松江路口
4861,康寧路一段
1187,進安公園
1000207,內湖焚化廠(安康)
842,菁山遊憩區
5020,陽明公園服務中心
10014566,陽明公園後門
5058,文化區民活動中心
908,翠山派出所
2477,華夏六村
4882,崁頂(中華路)
538,捷運南港站
925,德行西路
1000498,行政院
7610,長春國小
3328,士林監理站
20269,土地銀行
9449,故宮路口
478,北投綠色圖書館
723,拔子埔
7613,長春市場
4875,嘉禾社區
2137,泰和里
60141,松園
20375,安泰里一
937,嶺頭
1816,萬華運動中心
14625,永明派出所
2546,靜心高中
919,劍潭國小
1712,廣化天宮
281,建民里
14601,龍鳳谷
356,捷運北投站(大興)
7248,奎山國中
7209,惇敘工商(行義)
4851,臺北流行音樂中心
1000945,衛星電台
55011,擷翠新村
177,洲美街219號
2334,新生南路一段
1686,研究院路三段
4856,富德公墓14區
1000407,雅敘園
4606,大埔街
2311,捷運古亭站(和平)
50074,香檳新村
5985,社子派出所
56090,樟山寺一
8,八勝園
9428,碧溪橋
1841,寶興街
9467,我家花園
4066,美堤碼頭
4625,龍山寺(西園)
884,菁山遊憩區一
6662,新興國中(新生)
1694,國家文官學院
8543,碧湖山莊
2033,三張犁
15110,懷恩隧道
2091,松山寺
1054,馬槽溫泉
2393,水鋼琴社區
14409,倫仔尾
2316,捷運忠孝復興站
2092,松山車站(松隆)
1001267,冷水坑
2108,臥龍新村
14426,陽明山
2462,景美女中
1858,中正二分局
9476,平菁街93巷二
20383,師大
915,齊賢華廈
20366,陽明瀑布
1001016,菁山三
1222,市民林森路口
4853,市民大道八段
5057,文化區民活動中心
84,公館華廈
20357,臺安醫院
2526,綠野山莊
1382,空軍司令部
1452,庫倫街
1993,捷運台大醫院站
60133,新東街口
1149,麗山高中(環山)
7243,北投市場(公館路)
5046,南京金莊路口
5022,陽明書屋
4852,臺北流行音樂中心
1001337,景華街
1770,東園國小
3946,延平一站(長安)
4880,興業里
1000072,大龍峒保安宮
1001466,仁愛路二段
4043,市民敦化路口
60144,新安路五
20257,中山樓(正門)
1003,內湖新城
16023,南京吉林路口
2307,捷運六張犁站(基隆路)
20416,第二殯儀館
993,內湖派出所
5018,大坑廟
1001795,瑞光路393巷
200005070,松德大樓
634,天北站
2441,捷運辛亥站
4990,天母圓環
20337,後山
2054,市民住宅
8623,捷運大橋頭站
14693,蔣公銅像
666,社新里
605,大興山莊
20303,大華柏園
1001253,捷運萬芳社區站
1001293,下八仙土地公廟
9405,大崙尾山步道口
9442,大興山莊
893,福安里
1369,新生民族路口
14405,平菁街116巷口
8530,東湖國小
1000627,南港高工一
50061,集應廟
60123,光復南路口
1000672,吉林國小
4044,市民敦化路口
1480,延三觀光夜市
1000281,新湖民善街口(一)
1000416,大埔(明玄宮)
10205,大同國小
6705,民權松江路口
50443,民權隧道
1001261,照明寺
50448,大湖公園
4798,松仁路
4689,新生公園
6019,信安街
4176,長沙街
1000811,上塔悠
50065,陽明山靈骨塔
572,天文科學館
2215,仁愛路二段
743,社區發展協會
1000456,景文中學(臺灣戲曲學院)
1001311,華僑會館
200005001,捷運東門站2
50444,東湖社區
549,關渡國中(關渡醫院)
7004,臺北醫學大學
1990,捷運公館站
50678,棲霞山莊
200005020,捷運北門站1
2149,捷運市政府站
829,惠濟宮
14413,永公路三
1589,新聚里
1000910,北藝大游泳館
1001128,汀州路
4653,貓空壺穴站
1000106,金湖路口
1421,民生重慶路口
1785,祖師廟(康定)
50439,蘆洲里
832,游園站
1000946,衛星電台
63,中和里
2714,北藝大行政大樓
5063,進賢路口
2438,國關中心
2183,大安高工
2373,公務人員訓練處
6714,松江長春路口
10206,民族承德路口
1000441,忠順街口
1432,成淵高中
200005021,捷運北門站2
1000851,指南宮
2069,市政府(松壽)
1213,北安國中
1629,育成高中
9490,外雙溪橋
2387,木柵國小
544,關渡自然公園
56111,石壁坑
60140,福林橋
1521,西松國小
8602,民權大橋
2157,捷運麟光站
1000162,民權吉林路口
4896,富洲里
1001006,昌吉重慶路口
1664,南港展覽館
60152,居安新村
10139,萬美社區
1574,捷運中山國中站
1000234,萬隆
2392,木新路口
4797,吳興國小(松仁)
3917,捷運後山埤站(忠孝)
1000350,貴子坑水土保持園區
5069,慈惠堂
861,陽明教養院
1206,臺北大學(臺北校區)
7602,開南商工
6690,臺北科技大學
1000630,塔悠路
2515,萬寧街
4035,海光公園
6919,仁愛敦化路口
2168,網球場
1000204,內湖焚化廠(安康)
2349,聯合醫院仁愛院區
1001788,捷運北門站
1000036,師大分部
4033,克勤新村
20360,上北投
1862,仁愛光復路口
9433,大直高中
1055,東湖國中
922,德行(中山忠誠路口)
1000109,捷運大安站(信義)
1000217,發電所(西松高中)
1969,自來水西分處(牯嶺)
1000157,國賓飯店
1278,河濱公園大佳段
1000019,健康新城
1240,民權松江路口
4090,永春國小
8516,紫雲里
4796,行忠行愛路口
6689,臺北科技大學
15106,永吉國中
168,竹子湖派出所
4728,福聖宮(山水綠生態公園)
4721,福音山莊
1000201,五分埤
4864,法治公園
654,士林監理站
2057,永吉國中
891,瑞湖街口
1001445,龍興宮
939,礁坑橋(普宜苑)
6924,仁愛安和路口
50641,承德路七段
4605,廈安里
3949,雨農國小
1000674,合心廣場
7236,秀山里
1662,南港高工一
2004,植物園
20312,臺北城市科技大學
2291,師大綜合大樓
60102,育成高中
4620,青年公園(國興)
2177,興雅國小
2035,三興國小(臨江街觀光夜市)
7246,明德國中
1000292,德行東路
3923,陸軍後勤指揮部
5441,五分社區
6704,捷運行天宮站
2434,馬明潭
490,碧山路口
4187,捷運大直站
1000501,敬業三路一
1808,昆明活動中心
1886,臺北車站(忠孝)
20344,廈安里
740,社子消防分隊
823,陳厝
14420,山豬湖
2147,捷運六張犁站(和平)
4881,興隆公園
1546,南京建國路口
9418,翠山莊
1912,市立大學附小
442,陽明大學(東華)
1744,中華路北站
2234,正義郵局
1000448,國立臺北教育大學
50105,興華路
7604,北平林森路口
661,外雙溪橋
1340,捷運南京復興站
4857,富德公墓20區
4823,中心街口
20406,青年公園(馬場町)
2411,忠順廟
2504,政大清境社區
60135,南京新村
2336,溫州街口
9435,植福宮
60145,新安路四
20264,第二果菜市場
7258,公教住宅
3870,研究院路三段
8415,湖光國宅
6020,臥龍街
1000755,南港高工(重陽)
2485,溝子口
1254,自強隧道
1000193,南昌路
751,全成土雞城
1000088,和平東路四段
1725,舊莊二站
3952,雨農國小
8672,福華商場
1497,介壽國中
55001,福德廟(石牌)
1000541,萬壽橋頭(木柵)
1864,仁愛延吉街口
1578,博仁醫院
1920,重慶南路三段(中正橋)
1587,新東里
2228,臺北科技大學(忠孝)
1001169,中華路北站
7207,惇敘工商(泉源)
2550,懷恩隧道
1295,長春國小
15117,永春公寓
1071,捷運內湖站
7239,第一銀行
4994,士東路
2491,萬芳社區
20345,大湖國小
4847,南港車站
2255,龍安國小(公務人力發展學院)
4985,東和公園
1830,德昌街口
50521,絹絲瀑布
4020,新湖舊宗路口
1001268,田尾湖
112,北投公園
1000515,愛國金山路口
2305,仁愛國泰醫院
1499,臺視
1000628,一女中(重慶)
4171,市政府(市府)
9488,沙崙下
1834,龍山國小
6676,公企中心
1342,捷運雙連站
1860,仁愛中山路口
1000300,玉成公園(中坡)
1344,第二果菜市場
3933,捷運忠孝復興站
14639,關渡
1001467,陽明公園後門一
1001291,恆光禪寺
36106,永倫里(社中)
1000525,實踐國小
2450,捷運萬隆站
1000184,民權龍江路口
826,富安國小
9434,中央電台
16254,臺北車站(承德)
1749,民和街口
1078,動物之家
50649,職能發展學院二
1001455,政大和墅社區
1001318,泉源國小宿舍
1000530,忠順街
791,國泰人壽大樓
1000675,中山北路口
9489,內雙溪橋
3851,觀光局
1390,興安華城
333,健行新村(西安)
1608,下寮橋
7238,中和街
50524,百拉卡公路入口
892,洲美橋
1609,山豬窟游泳池
1001439,廣合新村
8544,西湖園
2071,永春高中
50674,指南山莊
2135,挹翠山莊
852,陽明山總站
16011,捷運松江南京站
4604,南機場公寓
6994,和安里
345,崇仁路口
2193,大我新舍
1000142,信義國中(莊敬)
20244,靜心高中
1284,長安東路一段
916,齊賢華廈
716,忠義街
1064,金龍隧道口
614,中社路11巷
1000732,秀湖
917,劍南橋
9407,大直美堤花園二
1000087,臺大醫院
1276,欣欣大眾公司
1000426,松隆路口
55017,文林國小
2380,文山行政中心
1000168,大龍峒保安宮
1247,光華商場
1001331,溫泉博物館
1000611,新安
91,溫泉奇岩路口
539,蘭雅國中
1000454,司法新村
2728,萬芳6號公園
6667,臺大
1001373,捷運圓山站
457,新民國中
6996,大安高工
8650,民權國小
1001326,內雙溪自然中心
2465,景華公園
372,捷運忠孝敦化站
2277,金華國中
3909,植物園
1660,南港
909,翠山莊
1000128,民權東路口
1024,民權隧道二
9403,濱江國中
172,自強街口(西安)
1932,忠孝醫院(成福)
733,明溪街
1031,成美幼稚園
16256,新壽公園
4848,南港車站
1000277,南昌路
4809,石潭路
3988,政大
56112,萬福橋
5976,社新里
1286,長安東路二段
4989,中銀山莊
56096,圓山
1001483,萬隆社區
14630,永欣里
4878,興安宮
1001338,景華街一
4842,夢幻湖
1001277,聖人瀑布
2242,濟南路二段
5021,陽明山立體停車場(草山行館)
50025,中華科技大學
1000929,義理街口
1001791,酒泉重慶路口
1481,鄰江里
4074,美麗華(植福)
1833,龍山寺(西園)
1000823,南深路80號
2530,樟湖步道
4649,坑口運動公園
317,榮總院區
1000638,重慶南路一段
573,士林市場(銘傳會館)
1000669,景福街
1000612,下竹林
1076,晉強公司
9462,鵝尾山步道口
50086,慈后宮
1001309,大坑
47,大磺嘴
4837,水源地
1001274,擷翠新村
2098,松山商職(信義)
1000609,永福(林語堂故居)
2460,敦南美景
20339,武身廟
1001783,清江圖書館
664,永公路三
4730,豐台煤礦
12217,文和橋
311,北藝大音樂廳
7221,洲美國小
565,下竹圍
931,鞍部
5001,富德里
118,北投站
1000616,芝蘭新村
15119,松山高中(基隆路)
2454,博嘉國小
232,昆明街
871,新安路三
20308,立賢路口
2493,萬芳活動中心
4131,黎明社教中心
20,大同之家
1001280,內溝
732,松園
1000688,消防局(松仁)
9422,大豐
4887,綠光101
182,行義路三
441,陽明大學(西安)
1972,聯合醫院婦幼院區一
4185,永安里
6673,公企中心
4813,行善石潭路口
5978,地藏禪寺
1000124,新生公園(松江)
1620,九如里一
4807,菁山莊
1000779,永春高中
6402,艋舺大道
14607,頂半嶺
50657,天母國中
10209,士林
1810,萬大國小
690,圳仔頭
60150,水墘
14416,永公橋
724,拔子埔
780,浮洲活動中心
2073,玉成公園(成福)
1001457,內埔
1000280,行善路
50152,吳興國小(莊敬)
1000311,濟南路二段
1001440,興農橋
6726,景雲街
1001381,遼寧街口
554,觀光草莓園(二)
689,合誠宮
4872,利陽藝術學苑
1000054,涼州重慶路口
14689,環山網球場
4030,貓纜動物園南站
1960,牯嶺街小劇場
36113,軍功新村
628,水井尾
824,頂湖山
1184,下塔悠
1209,臺北漁市
7250,下塔悠一
2328,敦化安和路口
20335,馬槽溫泉
2525,福興路口
4822,幽雅路口
3975,明山宮一
940,磺溪底
1001264,菁山三
8609,德明財經科技大學(環山)
2282,捷運大安站(信義)
1207,臺北大學(臺北校區)
5980,福安里
4897,富洲里
9478,至善國中
3931,阿波羅大廈
1757,西寧南路
2106,松德站
2173,黎順里
3970,捷運忠義站
50049,猴洞產業道路
1001272,西雲禪寺
837,絹絲瀑布
1533,松山新城
1168,忠泰美術館
50125,虎林街口
1726,舊莊公園
20372,頂坪
50053,萬芳國小
2540,興隆路口(辛亥)
1171,大同公司(晴光市場)
10140,萬美社區
4638,萬大路
454,慈航寺
2278,金甌女中
715,忠孝新村
16258,新福里
580,士林高商
1000143,信義國中(莊敬)
1872,仁愛臨沂街口
6683,光華商場
2116,信義永康街口(捷運東門站)
1597,聯合二村
2317,捷運忠孝復興站
3980,武功國小(興隆)
4806,菁山莊
4162,捷運國父紀念館站(光復)
4610,東吳大學城中校區
2125,信義杭州路口
1000383,啟聰學校
1000179,大道路
1000295,三興國小(臨江街觀光夜市)
50682,木柵市場
2027,寶慶路
1000215,潭美國小(舊宗)
1000075,聯合二村
1510,市立體育場
1413,臺北橋
1000152,舊莊
271,保一總隊
1001025,明水路口
3368,捷運景美站
20358,郵政訓練所
1000608,永嶺
1282,長安林森路口
1396,濱江商圈
4900,新安里中站
4672,行善行愛路口
50087,中正山登山口
1000684,萬芳社區
1001290,觀光草莓園
3957,石牌路
5996,保安街口
1063,長壽橋
57702,茶推廣中心
1000643,成福宮
696,至善路三段
1772,青年社區
1782,時報大樓
2163,紫雲街口
1285,長安東路二段
20338,臺寶
2047,世貿新城
10411,迪化街
4739,舊莊里
9409,雙溪站一
2276,金華大廈
5052,芬第社區
4885,通化街夜市
5971,威靈廟
50029,舊莊國小
1839,雙園國中
322,士林國中
10412,靜修女中
759,建安新村
1042,南寮(忠三街口)
230,明安宮
4712,文山運動中心(興隆)
840,菁山里(二)
60098,立農國小一
731,菁山五
2009,寧波重慶路口
838,菁山五
20422,頂湖入口(竹子湖)
1186,中山女高
1001307,御香居
5066,泉源公園
1001487,萬和公園
3889,艋舺大道
14421,乾坑子
9459,聖人橋
50720,寶興街
839,菁山里(一)
1449,後車站
1001481,萬和公園
1001086,民生東路口
1966,耕莘文教院
1613,中華科技大學
1000704,六褔公園
1563,三軍總醫院松山分院
1001442,菁山里(二)
621,中湖
6675,辛亥路口
144,湖田橋
384,捷運唭哩岸站一(西安)
1379,聚盛里
1083,基湖站
4888,成淵高中
4029,司法新村
1000256,捷運劍潭站(北藝中心)
1795,莒光路口
9429,至善路三段
1000677,東湖國中
50651,國立科教館
5989,葫蘆堵市場
6000,延平長安路口
1000242,龍山寺(康定)
1000299,玉成公園(中坡)
1155,麗山新村
1643,南港
1000273,南港軟體園區北站
1618,九如里二
2320,捷運科技大樓站
1035,行善路
6940,捷運東門站
814,兒童新樂園
50634,天母
1444,保安街口
36109,國泰人壽大樓
1351,華山公園
9454,芝山岩
2342,潮州街口
8404,基湖路口
221,忠義
1395,龍江路口
6939,捷運東門站
2455,復興派出所
1000522,景文中學
1896,臺北法院
1853,小南門(和平院區)
1000995,南京西路口(塔城)
1000540,景文中學
38,大業路(大興街口)
3992,國泰新村(興隆)
16205,庫倫街口
2250,和平安和路口
1483,聯合醫院中興院區
955,雙溪站一
3940,中國時報
2475,棕櫚泉社區
2545,貓空纜車站
1000181,國民住宅
48,八仙里
622,中窟
872,新安路五
1794,捷運龍山寺站
1080,國防醫學中心
7009,喬治商職
3976,北投會館
9625,圓山一
1420,民生西寧路口
630,文化大學一
14633,敬老院
1000613,磺溪底
4829,富台公園
1871,仁愛路二段
14602,龍鳳谷
980,三總內湖站
862,陽明戲院
3973,關渡國小(臺北城市科技大學)
6664,民族東路口
55007,故宮博物院(門口)
1001092,竹子湖路2-2號
14635,公館里關帝廟
60147,新安路二
16006,南京寧安街口
52,中央北路
1000171,公教住宅
2322,捷運萬芳社區站
706,沙埔
675,平菁街116巷口
20242,東吳大學
1716,聯合醫院忠孝院區
4646,世貿中心(莊敬)
1610,中研院
20367,童軍站
18076,關渡
1136,碧湖山莊
1419,民生西路口(大稻埕碼頭)
200005042,松山車站(八德)
894,福安消防隊
1936,東吳大學城中校區
779,海光新村
1000896,仁寶大樓
1924,和平中華路口
1215,臺安醫院
1387,稻江護校
7231,奇岩新村
158,立農國小
2290,半嶺一
294,泉源別墅
1001288,碧湖國小
1707,圓拱橋
20332,大油坑
8620,星雲街
4827,永吉松信路口
2188,大安國宅
1814,萬華車站
1380,聚盛里
1349,景福宮
1000743,新光醫院
854,陽明山國小
1001313,十八份福德宮
2331,愛國東路口
6713,一女中(公園)
14412,光興宮
6736,敦南美景
4898,安泰社區
2013,華山文創園區
2015,華山文創園區
57709,景華公園
1000447,大安健康服務中心
56095,涼亭站
902,福壽橋
14411,下過溪
585,小北街
50027,舊莊一站
1732,麗山橋
1386,慶城街口
6658,建國錦州街口
1506,民生社區活動中心
200005005,捷運東門站6
2077,成福路口
946,簡厝
60112,竹子湖派出所
2372,公訓正門
5039,市立中醫醫院
14681,大湖山莊
1001324,湖田橋
967,美國在臺協會
6663,中山國小(新生)
4660,關渡自然大樓
1000965,軍人公墓
618,內厝
1000621,明德新村
1117,陽光街
6706,行天宮
1129,新湖行忠路口
5969,浮線
1001374,南港高工(重陽)
897,福林橋
4621,三元街口
1103,湖光市場
679,永福(林語堂故居)
665,永公橋
2257,和安里
2456,景文中學(臺灣戲曲學院)
5995,臺北橋
1523,西華飯店
1514,民權國小
1146,新明成功路口
8617,瑞陽三號公園
1600,饒河街觀光夜市(八德)
10203,民生西路口
1001436,三王宮
20410,富德靈骨樓
4801,迪化街口(永樂市場)
1000286,行愛路
4849,南港高中(市民大道)
2518,萬福橋
9475,平等里
4732,護國九天宮
6737,敦南如意
50511,西湖國中
4778,大華柏園
1708,園區街
691,地藏禪寺
1000864,金泰公園
821,頂山
4973,安湖站
60142,礦寮
1001329,普濟寺
4071,碧霞宮
1000954,平菁街28巷
4834,綜合市場
1000328,農訓協會
4993,天壽里
14631,玉皇宮
672,平頂古圳步道口
1468,朝陽公園(鈕釦街)
465,當代藝術館
1704,富德公墓14區
36105,社正路
1000679,竹子湖路7號
1001470,紅柿下
2107,松德站
2165,瑞雲街口
50662,陽明天主堂
1812,萬華分局
4673,行善行愛路口
1428,中湖
179,行義路二
4143,富德
50538,惇敘工商(泉源)
817,許英媽廟
957,雙溪站二
50410,政大(聯合醫院)
1796,莒光路口
1000409,八勝園
50449,金龍路口
8402,內湖基湖路口
2010,福州街
6930,松廉路
1000194,長安國小(吉林)
8661,陽光抽水站
20378,明山宮
858,陽明天主堂
20334,日月農莊
2407,杏花林(老泉里)
14691,研創中心
45,大興街口
2552,靈糧山莊
1377,農安街
2397,北政國中
6917,新生南路口
1955,泉州街
903,福壽橋
36118,清水祖師廟
1,十八份埔
4008,長安國小(長安)
3913,中國時報
611,中山樓
7227,石門
639,天母國中
1320,建國啤酒廠
393,涼亭
7232,公館華廈
504,銀光巷口
5054,東陽公園
4726,天公堂
930,鄭厝
14676,天母圖書館
2090,拇指山登山口
2083,康寧國小
2453,涼亭站
16210,福安宮
1000367,瑞湖街口
59001,文昌街口
191,冷水坑服務站
5970,富洲里九段
1010,文德二號公園
6715,臺北車站(公園)
1378,農安街吉林路口
5062,復興一路口
7261,陽明戲院
1001450,洛陽停車場
545,關渡里
1000555,涼州重慶路口
50516,林泉里
50445,康湖隧道口(白馬山莊)
2409,實踐國小
1520,西松高中
4650,南港機廠
2476,猴山坑
1000435,臺北市憲兵隊
1000549,石潭路
8616,圓山飯店
1001273,永公路500巷
1820,漢口昆明街口
974,大湖
2300,國立臺北教育大學
10418,民生敦化路口
50501,將軍嶺
1364,新生公園(林安泰)
617,中社路17巷
2019,螢橋國小
5064,進賢路口
480,實踐街口
10409,捷運行天宮站
1374,新壽公園
4617,祖師廟(康定)
4981,齊福華廈
200005002,捷運東門站3
20379,福港街
3910,和平中華路口
1001271,永公路一
1000146,榮德里
7229,石門
488,福山抽水站
9411,雙溪社區
560,小北街
1000127,美麗華
511,稻香市場
3943,捷運古亭站(和平)
722,忠誠路口
2179,興雅國中
183,行義路四
1606,三重里
6652,延平中學
7611,臺北大學(臺北校區)
1000319,南港高中
1000894,大同分局
1000601,聯合醫院忠孝院區(同德)
1462,捷運圓山站
2136,泰和公園
2437,國泰新村(興隆)
1073,捷運東湖站(南湖高中)
805,梅林新村
1777,南機場公寓
3919,捷運昆陽站
1000953,名山里
1000301,協和祐德高中
1001402,台北海大
5065,泉源公園
1001239,凌雲五村站
5047,潭美公園
2365,三角公園
1775,青年路派出所
289,洲美國小
1000195,南京東路口
7605,捷運善導寺站
222,忠義新村
20228,中社路一段61巷
1000183,台北銀行
14626,綜合市場
2534,興得閱覽室
4189,草湳大榕樹
2227,臺大資訊大樓
4161,名門社區
2042,水塔
2452,海巡署
2401,兆如安養中心
1001024,大直加油站
50023,胡適公園
373,捷運忠義站
1000631,撫遠抽水站
4145,廈安里
50096,福山抽水站
1000123,五分埔商圈(中坡北)
1001341,敦南203巷
6696,長安新生北路口
2425,指南路
50687,臺大醫院
4608,捷運西門站
1000695,捷運劍南路站
1000411,水井尾
5060,大同街口
1000544,指南路口
1201,仁愛敦化路口
111,北投分局
1000795,捷運昆陽站
9624,指南路3段34巷
437,貴子坑水土保持園區
1001194,八仙里
809,第一展望
2350,懷生國中
1000559,水源路口
302,致遠新村
3963,復興崗
10208,小北街
219,延平宮
36101,富德公墓
929,衛理女中(原住民文化主題公園)
1965,晉江師大路口
4168,九號水門
1000614,福音
4640,萬大國小
1104,湖光國宅
640,天母棒球場(士東)
1556,南京龍江路口
1703,富德公墓12區
14408,平等里
9421,雙溪站二
1000764,臺灣警察專科學校
4619,萬華車站
860,陽明高中
57708,溪口國小
1000449,大安健康服務中心
1000500,敬業三路二
1001281,奇頭
3885,清白區民活動中心
4988,水管路
1000164,中山女高
124,福美站
439,郵政訓練所
50108,下寮橋
949,職能發展學院二
20237,後山一
7237,中和里
14670,合庫訓練中心
1000635,寶藏巖
1809,楊聖廟
56102,永建國小
2134,信義新生路口
1913,汀州路
6739,敦南如意
4838,嶺腳
1000908,學園路口
2318,捷運忠孝敦化站
20359,源之鄉
4634,華江高中(西藏)
4862,康寧路一段
50648,天玉里
1423,民族西路
9415,明溪街
4816,館地坪
1001233,龍口市場
994,內湖派出所
392,海巡署一
50072,南港公園
4644,青年路
2011,福州街口
5068,義方國小
2178,興雅國中
685,玉皇宮
50671,萬壽橋頭(秀明)
1001283,康寧天闊站
2390,天恩宮
1001345,玄覺寺
1437,延平長安路口
1000285,行愛路77巷口
2502,世界山莊
14685,力霸社區
1000810,莊敬里
2075,光復南路口
1439,延平鄭州路口
718,忠誠公園
20370,捷運奇岩站(北投)
1572,民生松江路口
1994,捷運台大醫院站
50095,胡適國小
226,明山宮一
1101,清白里
1000543,木柵高工
50428,週美里
1000553,木新市場
200005051,監控中心
1000020,長壽公園
7263,捷運芝山站(福華)
13109,市民敦化路口
1676,南港軟體園區北站
2275,青峰活動中心
8666,三民國中
14636,關渡里
4635,萬華國中
2519,萬興國小
1000089,萬寧街
9439,圓山新城二
7242,致遠新村
4613,老松國小
4835,張公聖君廟
1001464,湖山路二段
584,士東國小
6015,黎忠市場
2123,信義松仁路口(信義)
7216,行義路三
